{"cameraMode":{"drawMode":0,"name":"Shaded","section":"Shading Mode"},"sceneLighting":true,"audioPlay":false,"sceneViewState":{"showFog":true,"showMaterialUpdate":false,"showSkybox":true,"showFlares":true,"showImageEffects":true,"showParticleSystems":true},"in2DMode":false,"pivot":{"x":52.36498260498047,"y":8.096192359924317,"z":30.860065460205079},"rotation":{"x":-0.012882743030786515,"y":-0.5403295755386353,"z":0.008271497674286366,"w":-0.8413159251213074},"size":29.655887603759767,"orthographic":false}