{"cameraMode":{"drawMode":0,"name":"Shaded","section":"Shading Mode"},"sceneLighting":true,"audioPlay":false,"sceneViewState":{"showFog":true,"showMaterialUpdate":false,"showSkybox":true,"showFlares":true,"showImageEffects":true,"showParticleSystems":true},"in2DMode":false,"pivot":{"x":103.30066680908203,"y":1.1235475540161133,"z":56.712406158447269},"rotation":{"x":0.13482700288295747,"y":0.7103036046028137,"z":-0.14162737131118775,"w":0.6761928200721741},"size":5.610447883605957,"orthographic":false}