{"cameraMode":{"drawMode":0,"name":"Shaded","section":"Shading Mode"},"sceneLighting":true,"audioPlay":false,"sceneViewState":{"showFog":true,"showMaterialUpdate":false,"showSkybox":true,"showFlares":true,"showImageEffects":true,"showParticleSystems":true},"in2DMode":false,"pivot":{"x":5.297854423522949,"y":3.487730026245117,"z":5.789245128631592},"rotation":{"x":-0.105510413646698,"y":-0.6469054818153381,"z":0.09103559702634812,"w":-0.749735951423645},"size":4.9347100257873539,"orthographic":false}